2026-01-17 22:18:22,主播,ACTION,A1,SAFE
2026-01-17 22:18:30,主播,ACTION,B5,SAFE
2026-01-17 22:18:33,主播,ACTION,H17,SAFE
2026-01-17 22:18:33,主播,ACTION,H11,SAFE
2026-01-17 22:18:34,主播,ACTION,G14,SAFE
2026-01-17 22:18:34,主播,ACTION,H13,SAFE
2026-01-17 22:18:35,主播,ACTION,H12,SAFE
2026-01-17 22:18:35,主播,ACTION,K12,SAFE
2026-01-17 22:18:36,主播,ACTION,G12,BOOM
2026-01-17 22:20:26,主播,ACTION,F3,SAFE
2026-01-17 22:20:29,主播,ACTION,H3,BOOM
2026-01-17 22:20:31,主播,ACTION,B2,SAFE
2026-01-17 22:34:55,主播,ACTION,G12,SAFE
2026-01-17 22:36:42,主播,ACTION,A7,FLAG
2026-01-17 22:36:45,主播,ACTION,G1,FLAG
2026-01-17 22:36:46,主播,ACTION,K3,FLAG
2026-01-17 22:36:52,主播,ACTION,R2,FLAG
2026-01-17 22:36:53,主播,ACTION,R1,SAFE
